active,item_id,name,brand,category,price,original_price,discount,badge,specs,keywords,variants,link_shopee,in_stock,updated_at
TRUE,48812712426,Nước rửa chén Vitamin E Pano Hương chanh Sạch dầu mỡ khử mùi tanh dịu da tay Nhiều dung tích,PANO,Nước rửa chén,12350,13140,6%,BEST_SELLER_TOP_1,Nước rửa chén Vitamin E Pano Hương chanh Sạch dầu mỡ khử mùi tanh dịu da tay Nhiều dung tích,ban chay; best seller; nước rửa chén; pano; vitamin e,PANO,https://shopee.vn/N%C6%B0%E1%BB%9Bc-r%E1%BB%ADa-ch%C3%A9n-Vitamin-E-Pano-H%C6%B0%C6%A1ng-chanh-S%E1%BA%A1ch-d%E1%BA%A7u-m%E1%BB%A1-kh%E1%BB%AD-m%C3%B9i-tanh-d%E1%BB%8Bu-da-tay-Nhi%E1%BB%81u-dung-t%C3%ADch-i.20523065.48812712426,TRUE,2026-08-18
TRUE,52063408473,[GIÁ RẺ] Bột giặt Pano Hương cam chanh oải hương Sạch quần áo ít cặn lưu hương lâu Túi 300g 2.4kg 5.5kg,PANO,Bột giặt,46350,51500,10%,BEST_SELLER_TOP_2,[GIÁ RẺ] Bột giặt Pano Hương cam chanh oải hương Sạch quần áo ít cặn lưu hương lâu Túi 300g 2.4kg 5.5kg,ban chay; best seller; bột giặt; cam chanh; pano,PANO,https://shopee.vn/-GI%C3%81-R%E1%BA%BA-B%E1%BB%99t-gi%E1%BA%B7t-Pano-H%C6%B0%C6%A1ng-cam-chanh-o%E1%BA%A3i-h%C6%B0%C6%A1ng-S%E1%BA%A1ch-qu%E1%BA%A7n-%C3%A1o-%C3%ADt-c%E1%BA%B7n-l%C6%B0u-h%C6%B0%C6%A1ng-l%C3%A2u-T%C3%BAi-300g-2.4kg-5.5kg-i.20523065.52063408473,TRUE,2026-08-18
TRUE,40332260600,Bột giặt ZeO Nha Đam lưu hương kép 400g 720g hương nha đam the mát giặt tay giặt máy dịu nhẹ sạch vết bẩn,ZeO,Bột giặt,17550,27000,35%,BEST_SELLER_TOP_3,Bột giặt ZeO Nha Đam lưu hương kép 400g 720g hương nha đam the mát giặt tay giặt máy dịu nhẹ sạch vết bẩn,ban chay; best seller; bột giặt; zeo,ZeO,https://shopee.vn/B%E1%BB%99t-gi%E1%BA%B7t-ZeO-Nha-%C4%90am-l%C6%B0u-h%C6%B0%C6%A1ng-k%C3%A9p-400g-720g-h%C6%B0%C6%A1ng-nha-%C4%91am-the-m%C3%A1t-gi%E1%BA%B7t-tay-gi%E1%BA%B7t-m%C3%A1y-d%E1%BB%8Bu-nh%E1%BA%B9-s%E1%BA%A1ch-v%E1%BA%BFt-b%E1%BA%A9n-i.20523065.40332260600,TRUE,2026-08-18
TRUE,22487353728,Nước giặt Pano Hương táo dứa hoa nhài đào Làm sạch khử mùi lưu hương lâu Túi 3.5kg,PANO,Nước giặt,95058,202251,53%,BEST_SELLER_TOP_4,Nước giặt Pano Hương táo dứa hoa nhài đào Làm sạch khử mùi lưu hương lâu Túi 3.5kg,ban chay; best seller; nước giặt; pano,PANO,https://shopee.vn/N%C6%B0%E1%BB%9Bc-gi%E1%BA%B7t-Pano-H%C6%B0%C6%A1ng-t%C3%A1o-d%E1%BB%A9a-hoa-nh%C3%A0i-%C4%91%C3%A0o-L%C3%A0m-s%E1%BA%A1ch-kh%E1%BB%AD-m%C3%B9i-l%C6%B0u-h%C6%B0%C6%A1ng-l%C3%A2u-T%C3%BAi-3.5kg-i.20523065.22487353728,TRUE,2026-08-18
TRUE,24182154808,Nước tẩy toilet đậm đặc ZeO Hương trái cây Tẩy cặn vôi ố vàng khử mùi hôi Chai 650ml,ZeO,Tẩy Toilet,23000,46000,50%,BEST_SELLER_TOP_5,Nước tẩy toilet đậm đặc ZeO Hương trái cây Tẩy cặn vôi ố vàng khử mùi hôi Chai 650ml,ban chay; best seller; tẩy toilet; zeo,ZeO,https://shopee.vn/N%C6%B0%E1%BB%9Bc-t%E1%BA%A9y-toilet-%C4%91%E1%BA%ADm-%C4%91%E1%BA%B7c-ZeO-H%C6%B0%C6%A1ng-tr%C3%A1i-c%C3%A2y-T%E1%BA%A9y-c%E1%BA%B7n-v%C3%B4i-%E1%BB%91-v%C3%A0ng-kh%E1%BB%AD-m%C3%B9i-h%C3%B4i-Chai-650ml-i.20523065.24182154808,TRUE,2026-08-18
TRUE,21036221733,Nước tẩy quần áo trắng ZeO Javel chai 500ml 1000ml không hương liệu tẩy trắng mạnh diệt khuẩn quần áo bề mặt,ZeO,Nước tẩy trắng Javen,10400,16000,35%,BEST_SELLER_TOP_6,Nước tẩy quần áo trắng ZeO Javel chai 500ml 1000ml không hương liệu tẩy trắng mạnh diệt khuẩn quần áo bề mặt,ban chay; best seller; javel; nước tẩy trắng javen; zeo,ZeO,https://shopee.vn/N%C6%B0%E1%BB%9Bc-t%E1%BA%A9y-qu%E1%BA%A7n-%C3%A1o-tr%E1%BA%AFng-ZeO-Javel-chai-500ml-1000ml-kh%C3%B4ng-h%C6%B0%C6%A1ng-li%E1%BB%87u-t%E1%BA%A9y-tr%E1%BA%AFng-m%E1%BA%A1nh-di%E1%BB%87t-khu%E1%BA%A9n-qu%E1%BA%A7n-%C3%A1o-b%E1%BB%81-m%E1%BA%B7t-i.20523065.21036221733,TRUE,2026-08-18
TRUE,49463437973,Nước rửa chén Pano Hương chanh tự nhiên Sạch dầu mỡ khử mùi tanh dịu da tay 400g 800g 1.5kg,PANO,Nước rửa chén,13000,22800,43%,BEST_SELLER_TOP_7,Nước rửa chén Pano Hương chanh tự nhiên Sạch dầu mỡ khử mùi tanh dịu da tay 400g 800g 1.5kg,ban chay; best seller; nước rửa chén; pano,PANO,https://shopee.vn/N%C6%B0%E1%BB%9Bc-r%E1%BB%ADa-ch%C3%A9n-Pano-H%C6%B0%C6%A1ng-chanh-t%E1%BB%B1-nhi%C3%AAn-S%E1%BA%A1ch-d%E1%BA%A7u-m%E1%BB%A1-kh%E1%BB%AD-m%C3%B9i-tanh-d%E1%BB%8Bu-da-tay-400g-800g-1.5kg-i.20523065.49463437973,TRUE,2026-08-18
TRUE,42401783886,[COMBO] 10 gói Nước xả vải Nano Clean ZeO Hương hoa trắng xạ hương Mềm vải giảm nhăn 10 gói x 20g,ZeO,Nước xả vải,17100,18000,5%,BEST_SELLER_TOP_8,[COMBO] 10 gói Nước xả vải Nano Clean ZeO Hương hoa trắng xạ hương Mềm vải giảm nhăn 10 gói x 20g,ban chay; best seller; nano clean; nước xả vải; zeo,ZeO,https://shopee.vn/-COMBO-10-g%C3%B3i-N%C6%B0%E1%BB%9Bc-x%E1%BA%A3-v%E1%BA%A3i-Nano-Clean-ZeO-H%C6%B0%C6%A1ng-hoa-tr%E1%BA%AFng-x%E1%BA%A1-h%C6%B0%C6%A1ng-M%E1%BB%81m-v%E1%BA%A3i-gi%E1%BA%A3m-nh%C4%83n-10-g%C3%B3i-x-20g-i.20523065.42401783886,TRUE,2026-08-18
TRUE,17978063713,Nước giặt 2in1 Oplus Hương nước hoa Pháp Sạch quần áo mềm vải lưu hương cả ngày Can 1kg 3.5kg,Oplus,Nước giặt,62100,69000,10%,BEST_SELLER_TOP_9,Nước giặt 2in1 Oplus Hương nước hoa Pháp Sạch quần áo mềm vải lưu hương cả ngày Can 1kg 3.5kg,2in1; ban chay; best seller; nước giặt; oplus,Oplus,https://shopee.vn/N%C6%B0%E1%BB%9Bc-gi%E1%BA%B7t-2in1-Oplus-H%C6%B0%C6%A1ng-n%C6%B0%E1%BB%9Bc-hoa-Ph%C3%A1p-S%E1%BA%A1ch-qu%E1%BA%A7n-%C3%A1o-m%E1%BB%81m-v%E1%BA%A3i-l%C6%B0u-h%C6%B0%C6%A1ng-c%E1%BA%A3-ng%C3%A0y-Can-1kg-3.5kg-i.20523065.17978063713,TRUE,2026-08-18
TRUE,19119327902,[SIÊU TIẾT KIỆM] Nước lau sàn Pano Hương Hoa Hạ phấn em bé Sạch sàn khử mùi thơm lâu Chai Can 1kg 3.8kg,PANO,Nước lau sàn,29450,52500,44%,BEST_SELLER_TOP_10,[SIÊU TIẾT KIỆM] Nước lau sàn Pano Hương Hoa Hạ phấn em bé Sạch sàn khử mùi thơm lâu Chai Can 1kg 3.8kg,ban chay; best seller; nước lau sàn; pano,PANO,https://shopee.vn/-SI%C3%8AU-TI%E1%BA%BET-KI%E1%BB%86M-N%C6%B0%E1%BB%9Bc-lau-s%C3%A0n-Pano-H%C6%B0%C6%A1ng-Hoa-H%E1%BA%A1-ph%E1%BA%A5n-em-b%C3%A9-S%E1%BA%A1ch-s%C3%A0n-kh%E1%BB%AD-m%C3%B9i-th%C6%A1m-l%C3%A2u-Chai-Can-1kg-3.8kg-i.20523065.19119327902,TRUE,2026-08-18
TRUE,49011246861,[COMBO] 2 túi Nước giặt xả 2in1 Oplus Hương nước hoa Pháp Sạch sâu mềm vải thơm lâu 2 túi tổng 3.6kg,Oplus,Nước giặt,133479,290171,54%,NEW_ARRIVAL_TOP_1,[COMBO] 2 túi Nước giặt xả 2in1 Oplus Hương nước hoa Pháp Sạch sâu mềm vải thơm lâu 2 túi tổng 3.6kg,2in1; moi nhat; moi ra; nước giặt; oplus,Oplus,https://shopee.vn/-COMBO-2-t%C3%BAi-N%C6%B0%E1%BB%9Bc-gi%E1%BA%B7t-x%E1%BA%A3-2in1-Oplus-H%C6%B0%C6%A1ng-n%C6%B0%E1%BB%9Bc-hoa-Ph%C3%A1p-S%E1%BA%A1ch-s%C3%A2u-m%E1%BB%81m-v%E1%BA%A3i-th%C6%A1m-l%C3%A2u-2-t%C3%BAi-t%E1%BB%95ng-3.6kg-i.20523065.49011246861,TRUE,2026-08-18
TRUE,44862653278,Bột giặt Oplus túi 720g 5.5kg hương hoa trắng xạ hương giặt tay giặt máy sạch vết bẩn làm mới quần áo sỉn màu,Oplus,Bột giặt,66000,110000,40%,NEW_ARRIVAL_TOP_4,Bột giặt Oplus túi 720g 5.5kg hương hoa trắng xạ hương giặt tay giặt máy sạch vết bẩn làm mới quần áo sỉn màu,bột giặt; moi nhat; moi ra; oplus,Oplus,https://shopee.vn/B%E1%BB%99t-gi%E1%BA%B7t-Oplus-t%C3%BAi-720g-5.5kg-h%C6%B0%C6%A1ng-hoa-tr%E1%BA%AFng-x%E1%BA%A1-h%C6%B0%C6%A1ng-gi%E1%BA%B7t-tay-gi%E1%BA%B7t-m%C3%A1y-s%E1%BA%A1ch-v%E1%BA%BFt-b%E1%BA%A9n-l%C3%A0m-m%E1%BB%9Bi-qu%E1%BA%A7n-%C3%A1o-s%E1%BB%89n-m%C3%A0u-i.20523065.44862653278,TRUE,2026-08-18
TRUE,40701777345,[MUA 1 TẶNG 1] Nước hoa treo xe ô tô Pano Hương nước hoa Pháp Khử mùi tỏa hương thư giãn [COMBO] 2 chai,PANO,Tẩy rửa & Giặt giũ,36000,60000,40%,NEW_ARRIVAL_TOP_5,[MUA 1 TẶNG 1] Nước hoa treo xe ô tô Pano Hương nước hoa Pháp Khử mùi tỏa hương thư giãn [COMBO] 2 chai,moi nhat; moi ra; pano; treo xe; tẩy rửa & giặt giũ,PANO,https://shopee.vn/-MUA-1-T%E1%BA%B6NG-1-N%C6%B0%E1%BB%9Bc-hoa-treo-xe-%C3%B4-t%C3%B4-Pano-H%C6%B0%C6%A1ng-n%C6%B0%E1%BB%9Bc-hoa-Ph%C3%A1p-Kh%E1%BB%AD-m%C3%B9i-t%E1%BB%8Fa-h%C6%B0%C6%A1ng-th%C6%B0-gi%C3%A3n-COMBO-2-chai-i.20523065.40701777345,TRUE,2026-08-18
TRUE,52863457457,Nước lau kính ZeO Hương trà xanh Sáng bóng khô nhanh không để lại vệt Chai 570ml,ZeO,Nước lau kính,30100,43000,30%,NEW_ARRIVAL_TOP_6,Nước lau kính ZeO Hương trà xanh Sáng bóng khô nhanh không để lại vệt Chai 570ml,moi nhat; moi ra; nước lau kính; zeo,ZeO,https://shopee.vn/N%C6%B0%E1%BB%9Bc-lau-k%C3%ADnh-ZeO-H%C6%B0%C6%A1ng-tr%C3%A0-xanh-S%C3%A1ng-b%C3%B3ng-kh%C3%B4-nhanh-kh%C3%B4ng-%C4%91%E1%BB%83-l%E1%BA%A1i-v%E1%BB%87t-Chai-570ml-i.20523065.52863457457,TRUE,2026-08-18
TRUE,57513424600,[CAN TO TIẾT KIỆM] Nước giặt Pano Hương nước hoa Pháp Sạch sâu khử mùi lưu hương lâu Can 3.8kg,PANO,Nước giặt,123291,205485,40%,NEW_ARRIVAL_TOP_7,[CAN TO TIẾT KIỆM] Nước giặt Pano Hương nước hoa Pháp Sạch sâu khử mùi lưu hương lâu Can 3.8kg,can 3.8kg; moi nhat; moi ra; nước giặt; pano,PANO,https://shopee.vn/-CAN-TO-TI%E1%BA%BET-KI%E1%BB%86M-N%C6%B0%E1%BB%9Bc-gi%E1%BA%B7t-Pano-H%C6%B0%C6%A1ng-n%C6%B0%E1%BB%9Bc-hoa-Ph%C3%A1p-S%E1%BA%A1ch-s%C3%A2u-kh%E1%BB%AD-m%C3%B9i-l%C6%B0u-h%C6%B0%C6%A1ng-l%C3%A2u-Can-3.8kg-i.20523065.57513424600,TRUE,2026-08-18
TRUE,52213417021,[GÓI TIẾT KIỆM] Bột giặt Nha Đam ZeO Hương Fresh Floral Green Dịu nhẹ sạch vết bẩn lưu hương kép Túi 2.7kg 4.1kg,ZeO,Bột giặt,114855,185250,38%,NEW_ARRIVAL_TOP_9,[GÓI TIẾT KIỆM] Bột giặt Nha Đam ZeO Hương Fresh Floral Green Dịu nhẹ sạch vết bẩn lưu hương kép Túi 2.7kg 4.1kg,bột giặt; fresh; moi nhat; moi ra; zeo,ZeO,https://shopee.vn/-G%C3%93I-TI%E1%BA%BET-KI%E1%BB%86M-B%E1%BB%99t-gi%E1%BA%B7t-Nha-%C4%90am-ZeO-H%C6%B0%C6%A1ng-Fresh-Floral-Green-D%E1%BB%8Bu-nh%E1%BA%B9-s%E1%BA%A1ch-v%E1%BA%BFt-b%E1%BA%A9n-l%C6%B0u-h%C6%B0%C6%A1ng-k%C3%A9p-T%C3%BAi-2.7kg-4.1kg-i.20523065.52213417021,TRUE,2026-08-18
TRUE,49063164373,[GIẶT NHANH] Nước giặt Bio Enzyme ZeO Hương tươi mát Đánh bay vết bẩn protein lưu hương Can 2kg 9kg,ZeO,Nước giặt,104357,168317,38%,NEW_ARRIVAL,[GIẶT NHANH] Nước giặt Bio Enzyme ZeO Hương tươi mát Đánh bay vết bẩn protein lưu hương Can 2kg 9kg,bio enzyme; moi nhat; moi ra; nước giặt; zeo,ZeO,https://shopee.vn/-GI%E1%BA%B6T-NHANH-N%C6%B0%E1%BB%9Bc-gi%E1%BA%B7t-Bio-Enzyme-ZeO-H%C6%B0%C6%A1ng-t%C6%B0%C6%A1i-m%C3%A1t-%C4%90%C3%A1nh-bay-v%E1%BA%BFt-b%E1%BA%A9n-protein-l%C6%B0u-h%C6%B0%C6%A1ng-Can-2kg-9kg-i.20523065.49063164373,TRUE,2026-08-18
TRUE,44512305208,[MỚI] Nước lau sàn Oplus Hương sả chanh Khử mùi sạch bóng sàn gỗ gạch men Can 1kg 3.6kg,Oplus,Nước lau sàn,34450,53000,35%,NEW_ARRIVAL,[MỚI] Nước lau sàn Oplus Hương sả chanh Khử mùi sạch bóng sàn gỗ gạch men Can 1kg 3.6kg,moi nhat; moi ra; nước lau sàn; oplus,Oplus,https://shopee.vn/-M%E1%BB%9AI-N%C6%B0%E1%BB%9Bc-lau-s%C3%A0n-Oplus-H%C6%B0%C6%A1ng-s%E1%BA%A3-chanh-Kh%E1%BB%AD-m%C3%B9i-s%E1%BA%A1ch-b%C3%B3ng-s%C3%A0n-g%E1%BB%97-g%E1%BA%A1ch-men-Can-1kg-3.6kg-i.20523065.44512305208,TRUE,2026-08-18
TRUE,42923415834,Nước giặt Pano Active combo 2 túi 1.8kg tặng nước rửa chén 200g hương nước hoa Pháp giặt tay giặt máy sạch sâu,PANO,Nước giặt,147582,238035,38%,NEW_ARRIVAL,Nước giặt Pano Active combo 2 túi 1.8kg tặng nước rửa chén 200g hương nước hoa Pháp giặt tay giặt máy sạch sâu,1.8kg; active; moi nhat; moi ra; nước giặt; pano,PANO,https://shopee.vn/N%C6%B0%E1%BB%9Bc-gi%E1%BA%B7t-Pano-Active-combo-2-t%C3%BAi-1.8kg-t%E1%BA%B7ng-n%C6%B0%E1%BB%9Bc-r%E1%BB%ADa-ch%C3%A9n-200g-h%C6%B0%C6%A1ng-n%C6%B0%E1%BB%9Bc-hoa-Ph%C3%A1p-gi%E1%BA%B7t-tay-gi%E1%BA%B7t-m%C3%A1y-s%E1%BA%A1ch-s%C3%A2u-i.20523065.42923415834,TRUE,2026-08-18
TRUE,44123415679,Nước giặt Pano Fresh combo 2 gói 1 8kg tặng 1 nước rửa chén 200g hương hoa trắng giặt tay giặt máy sạch sâu vết bẩn,PANO,Nước giặt,115795,241239,52%,NEW_ARRIVAL,Nước giặt Pano Fresh combo 2 gói 1 8kg tặng 1 nước rửa chén 200g hương hoa trắng giặt tay giặt máy sạch sâu vết bẩn,fresh; moi nhat; moi ra; nước giặt; pano,PANO,https://shopee.vn/N%C6%B0%E1%BB%9Bc-gi%E1%BA%B7t-Pano-Fresh-combo-2-g%C3%B3i-1-8kg-t%E1%BA%B7ng-1-n%C6%B0%E1%BB%9Bc-r%E1%BB%ADa-ch%C3%A9n-200g-h%C6%B0%C6%A1ng-hoa-tr%E1%BA%AFng-gi%E1%BA%B7t-tay-gi%E1%BA%B7t-m%C3%A1y-s%E1%BA%A1ch-s%C3%A2u-v%E1%BA%BFt-b%E1%BA%A9n-i.20523065.44123415679,TRUE,2026-08-18
TRUE,27492729899,Combo 2 túi Nước giặt Pano Warmish 1.8kg hương táo dứa hoa nhài sạch sâu vết bẩn tặng nước rửa chén 400g,PANO,Nước giặt,147582,238035,38%,NEW_ARRIVAL,Combo 2 túi Nước giặt Pano Warmish 1.8kg hương táo dứa hoa nhài sạch sâu vết bẩn tặng nước rửa chén 400g,1.8kg; moi nhat; moi ra; nước giặt; pano; warmish,PANO,https://shopee.vn/Combo-2-t%C3%BAi-N%C6%B0%E1%BB%9Bc-gi%E1%BA%B7t-Pano-Warmish-1.8kg-h%C6%B0%C6%A1ng-t%C3%A1o-d%E1%BB%A9a-hoa-nh%C3%A0i-s%E1%BA%A1ch-s%C3%A2u-v%E1%BA%BFt-b%E1%BA%A9n-t%E1%BA%B7ng-n%C6%B0%E1%BB%9Bc-r%E1%BB%ADa-ch%C3%A9n-400g-i.20523065.27492729899,TRUE,2026-08-18
TRUE,40473414417,Nước giặt Pano Elegant 2 túi 1.8kg tặng nước rửa chén 200g hương nước hoa Pháp giặt tay giặt máy sạch sâu thơm lâu,PANO,Nước giặt,147582,238035,38%,NEW_ARRIVAL,Nước giặt Pano Elegant 2 túi 1.8kg tặng nước rửa chén 200g hương nước hoa Pháp giặt tay giặt máy sạch sâu thơm lâu,1.8kg; elegant; moi nhat; moi ra; nước giặt; pano,PANO,https://shopee.vn/N%C6%B0%E1%BB%9Bc-gi%E1%BA%B7t-Pano-Elegant-2-t%C3%BAi-1.8kg-t%E1%BA%B7ng-n%C6%B0%E1%BB%9Bc-r%E1%BB%ADa-ch%C3%A9n-200g-h%C6%B0%C6%A1ng-n%C6%B0%E1%BB%9Bc-hoa-Ph%C3%A1p-gi%E1%BA%B7t-tay-gi%E1%BA%B7t-m%C3%A1y-s%E1%BA%A1ch-s%C3%A2u-th%C6%A1m-l%C3%A2u-i.20523065.40473414417,TRUE,2026-08-18
TRUE,56612838999,Nước xả vải Nano Clean ZeO Hương hoa trắng xạ hương Mềm vải giảm nhăn thơm lâu Can 1kg 3.8kg,ZeO,Nước xả vải,83200,128000,35%,STANDARD,Nước xả vải Nano Clean ZeO Hương hoa trắng xạ hương Mềm vải giảm nhăn thơm lâu Can 1kg 3.8kg,nano clean; nước xả vải; zeo,ZeO,https://shopee.vn/N%C6%B0%E1%BB%9Bc-x%E1%BA%A3-v%E1%BA%A3i-Nano-Clean-ZeO-H%C6%B0%C6%A1ng-hoa-tr%E1%BA%AFng-x%E1%BA%A1-h%C6%B0%C6%A1ng-M%E1%BB%81m-v%E1%BA%A3i-gi%E1%BA%A3m-nh%C4%83n-th%C6%A1m-l%C3%A2u-Can-1kg-3.8kg-i.20523065.56612838999,TRUE,2026-08-18
TRUE,20119331885,Nước lau sàn ZeO Hương Ylang Ylang bạc hà Sạch bóng sàn khử mùi Can 1kg 3.8kg,ZeO,Nước lau sàn,33150,44200,25%,STANDARD,Nước lau sàn ZeO Hương Ylang Ylang bạc hà Sạch bóng sàn khử mùi Can 1kg 3.8kg,nước lau sàn; zeo,ZeO,https://shopee.vn/N%C6%B0%E1%BB%9Bc-lau-s%C3%A0n-ZeO-H%C6%B0%C6%A1ng-Ylang-Ylang-b%E1%BA%A1c-h%C3%A0-S%E1%BA%A1ch-b%C3%B3ng-s%C3%A0n-kh%E1%BB%AD-m%C3%B9i-Can-1kg-3.8kg-i.20523065.20119331885,TRUE,2026-08-18
TRUE,17179798845,Chai xịt tẩy rửa đa năng Pano Hương trà xanh Đánh bay dầu mỡ vết bẩn đa bề mặt Chai 500ml,PANO,Tẩy rửa đa năng,46620,74000,37%,STANDARD,Chai xịt tẩy rửa đa năng Pano Hương trà xanh Đánh bay dầu mỡ vết bẩn đa bề mặt Chai 500ml,pano; tẩy rửa đa năng,PANO,https://shopee.vn/Chai-x%E1%BB%8Bt-t%E1%BA%A9y-r%E1%BB%ADa-%C4%91a-n%C4%83ng-Pano-H%C6%B0%C6%A1ng-tr%C3%A0-xanh-%C4%90%C3%A1nh-bay-d%E1%BA%A7u-m%E1%BB%A1-v%E1%BA%BFt-b%E1%BA%A9n-%C4%91a-b%E1%BB%81-m%E1%BA%B7t-Chai-500ml-i.20523065.17179798845,TRUE,2026-08-18
TRUE,18919306037,Nước rửa chén Enzyme ZeO Hương chanh tự nhiên Sạch dầu mỡ khử mùi tanh dịu da tay Can 400g 800g 1.5kg,ZeO,Nước rửa chén,16900,26000,35%,STANDARD,Nước rửa chén Enzyme ZeO Hương chanh tự nhiên Sạch dầu mỡ khử mùi tanh dịu da tay Can 400g 800g 1.5kg,nước rửa chén; zeo,ZeO,https://shopee.vn/N%C6%B0%E1%BB%9Bc-r%E1%BB%ADa-ch%C3%A9n-Enzyme-ZeO-H%C6%B0%C6%A1ng-chanh-t%E1%BB%B1-nhi%C3%AAn-S%E1%BA%A1ch-d%E1%BA%A7u-m%E1%BB%A1-kh%E1%BB%AD-m%C3%B9i-tanh-d%E1%BB%8Bu-da-tay-Can-400g-800g-1.5kg-i.20523065.18919306037,TRUE,2026-08-18
TRUE,19325680023,Nước giặt 2in1 Oplus Hương nước hoa Pháp Sạch vết bẩn mềm vải lưu hương kép Túi 2.4kg,Oplus,Nước giặt,91257,172183,47%,STANDARD,Nước giặt 2in1 Oplus Hương nước hoa Pháp Sạch vết bẩn mềm vải lưu hương kép Túi 2.4kg,2in1; nước giặt; oplus,Oplus,https://shopee.vn/N%C6%B0%E1%BB%9Bc-gi%E1%BA%B7t-2in1-Oplus-H%C6%B0%C6%A1ng-n%C6%B0%E1%BB%9Bc-hoa-Ph%C3%A1p-S%E1%BA%A1ch-v%E1%BA%BFt-b%E1%BA%A9n-m%E1%BB%81m-v%E1%BA%A3i-l%C6%B0u-h%C6%B0%C6%A1ng-k%C3%A9p-T%C3%BAi-2.4kg-i.20523065.19325680023,TRUE,2026-08-18
TRUE,19419299602,Nước giặt Pano Hương nước hoa Pháp Sạch vết bẩn khử mùi lưu hương lâu Can 3.6kg,PANO,Nước giặt,131100,234107,44%,STANDARD,Nước giặt Pano Hương nước hoa Pháp Sạch vết bẩn khử mùi lưu hương lâu Can 3.6kg,can 3.6kg; nước giặt; pano,PANO,https://shopee.vn/N%C6%B0%E1%BB%9Bc-gi%E1%BA%B7t-Pano-H%C6%B0%C6%A1ng-n%C6%B0%E1%BB%9Bc-hoa-Ph%C3%A1p-S%E1%BA%A1ch-v%E1%BA%BFt-b%E1%BA%A9n-kh%E1%BB%AD-m%C3%B9i-l%C6%B0u-h%C6%B0%C6%A1ng-l%C3%A2u-Can-3.6kg-i.20523065.19419299602,TRUE,2026-08-18
TRUE,55813079469,Bột giặt ZeO Bọt Biển Hương táo dứa hoa nhài Sạch vết bẩn lưu hương kép Túi 720g 2.7kg,ZeO,Bột giặt,35100,54000,35%,STANDARD,Bột giặt ZeO Bọt Biển Hương táo dứa hoa nhài Sạch vết bẩn lưu hương kép Túi 720g 2.7kg,bột giặt; zeo,ZeO,https://shopee.vn/B%E1%BB%99t-gi%E1%BA%B7t-ZeO-B%E1%BB%8Dt-Bi%E1%BB%83n-H%C6%B0%C6%A1ng-t%C3%A1o-d%E1%BB%A9a-hoa-nh%C3%A0i-S%E1%BA%A1ch-v%E1%BA%BFt-b%E1%BA%A9n-l%C6%B0u-h%C6%B0%C6%A1ng-k%C3%A9p-T%C3%BAi-720g-2.7kg-i.20523065.55813079469,TRUE,2026-08-18
TRUE,43251767103,Nước rửa chén Oplus Hương chanh tự nhiên Sạch dầu mỡ khử mùi tanh dịu da tay Bao bì nhiều lựa chọn,Oplus,Nước rửa chén,14300,22000,35%,STANDARD,Nước rửa chén Oplus Hương chanh tự nhiên Sạch dầu mỡ khử mùi tanh dịu da tay Bao bì nhiều lựa chọn,nước rửa chén; oplus,Oplus,https://shopee.vn/N%C6%B0%E1%BB%9Bc-r%E1%BB%ADa-ch%C3%A9n-Oplus-H%C6%B0%C6%A1ng-chanh-t%E1%BB%B1-nhi%C3%AAn-S%E1%BA%A1ch-d%E1%BA%A7u-m%E1%BB%A1-kh%E1%BB%AD-m%C3%B9i-tanh-d%E1%BB%8Bu-da-tay-Bao-b%C3%AC-nhi%E1%BB%81u-l%E1%BB%B1a-ch%E1%BB%8Dn-i.20523065.43251767103,TRUE,2026-08-18
TRUE,44472616843,Combo 2 nước giặt Pano 1.8kg hương nước hoa Pháp giặt tay giặt máy sạch sâu vết bẩn an toàn da tay,PANO,Nước giặt,122550,129000,5%,STANDARD,Combo 2 nước giặt Pano 1.8kg hương nước hoa Pháp giặt tay giặt máy sạch sâu vết bẩn an toàn da tay,1.8kg; nước giặt; pano,PANO,https://shopee.vn/Combo-2-n%C6%B0%E1%BB%9Bc-gi%E1%BA%B7t-Pano-1.8kg-h%C6%B0%C6%A1ng-n%C6%B0%E1%BB%9Bc-hoa-Ph%C3%A1p-gi%E1%BA%B7t-tay-gi%E1%BA%B7t-m%C3%A1y-s%E1%BA%A1ch-s%C3%A2u-v%E1%BA%BFt-b%E1%BA%A9n-an-to%C3%A0n-da-tay-i.20523065.44472616843,TRUE,2026-08-18
TRUE,24281041930,[TẶNG KÈM] 3 gói nước xả vải Bột giặt Oplus Hương hoa trắng xạ hương Tiết kiệm nước sạch vết bẩn ít cặn Túi 2kg,Oplus,Tẩy rửa & Giặt giũ,72150,111000,35%,STANDARD,[TẶNG KÈM] 3 gói nước xả vải Bột giặt Oplus Hương hoa trắng xạ hương Tiết kiệm nước sạch vết bẩn ít cặn Túi 2kg,oplus; tẩy rửa & giặt giũ,Oplus,https://shopee.vn/-T%E1%BA%B6NG-K%C3%88M-3-g%C3%B3i-n%C6%B0%E1%BB%9Bc-x%E1%BA%A3-v%E1%BA%A3i-B%E1%BB%99t-gi%E1%BA%B7t-Oplus-H%C6%B0%C6%A1ng-hoa-tr%E1%BA%AFng-x%E1%BA%A1-h%C6%B0%C6%A1ng-Ti%E1%BA%BFt-ki%E1%BB%87m-n%C6%B0%E1%BB%9Bc-s%E1%BA%A1ch-v%E1%BA%BFt-b%E1%BA%A9n-%C3%ADt-c%E1%BA%B7n-T%C3%BAi-2kg-i.20523065.24281041930,TRUE,2026-08-18
TRUE,20819334417,Nước giặt 2in1 Oplus Hương nước hoa Pháp Sạch sâu mềm vải không cần nước xả Can 1kg,Oplus,Nước giặt,60720,69000,12%,STANDARD,Nước giặt 2in1 Oplus Hương nước hoa Pháp Sạch sâu mềm vải không cần nước xả Can 1kg,2in1; nước giặt; oplus,Oplus,https://shopee.vn/N%C6%B0%E1%BB%9Bc-gi%E1%BA%B7t-2in1-Oplus-H%C6%B0%C6%A1ng-n%C6%B0%E1%BB%9Bc-hoa-Ph%C3%A1p-S%E1%BA%A1ch-s%C3%A2u-m%E1%BB%81m-v%E1%BA%A3i-kh%C3%B4ng-c%E1%BA%A7n-n%C6%B0%E1%BB%9Bc-x%E1%BA%A3-Can-1kg-i.20523065.20819334417,TRUE,2026-08-18
TRUE,55861226781,Nước giặt xả 2in1 Oplus Hương nước hoa Pháp Sạch sâu mềm vải không cần nước xả Túi 1.8kg,Oplus,Nước giặt,77727,119580,35%,STANDARD,Nước giặt xả 2in1 Oplus Hương nước hoa Pháp Sạch sâu mềm vải không cần nước xả Túi 1.8kg,1.8kg; 2in1; nước giặt; oplus,Oplus,https://shopee.vn/N%C6%B0%E1%BB%9Bc-gi%E1%BA%B7t-x%E1%BA%A3-2in1-Oplus-H%C6%B0%C6%A1ng-n%C6%B0%E1%BB%9Bc-hoa-Ph%C3%A1p-S%E1%BA%A1ch-s%C3%A2u-m%E1%BB%81m-v%E1%BA%A3i-kh%C3%B4ng-c%E1%BA%A7n-n%C6%B0%E1%BB%9Bc-x%E1%BA%A3-T%C3%BAi-1.8kg-i.20523065.55861226781,TRUE,2026-08-18
TRUE,54212683981,Nước rửa chén Pano can 3.8kg hương chanh tự nhiên cho nhà hàng quán ăn sạch dầu mỡ khử mùi tanh da tay,PANO,Nước rửa chén,76050,117000,35%,STANDARD,Nước rửa chén Pano can 3.8kg hương chanh tự nhiên cho nhà hàng quán ăn sạch dầu mỡ khử mùi tanh da tay,can 3.8kg; nước rửa chén; pano,PANO,https://shopee.vn/N%C6%B0%E1%BB%9Bc-r%E1%BB%ADa-ch%C3%A9n-Pano-can-3.8kg-h%C6%B0%C6%A1ng-chanh-t%E1%BB%B1-nhi%C3%AAn-cho-nh%C3%A0-h%C3%A0ng-qu%C3%A1n-%C4%83n-s%E1%BA%A1ch-d%E1%BA%A7u-m%E1%BB%A1-kh%E1%BB%AD-m%C3%B9i-tanh-da-tay-i.20523065.54212683981,TRUE,2026-08-18
TRUE,21319337822,Bột giặt Nước hoa ZeO Hương hoa trắng xạ hương Sạch vết bẩn cứng đầu lưu hương kép Gói 720g 750g,ZeO,Bột giặt,36400,45500,20%,STANDARD,Bột giặt Nước hoa ZeO Hương hoa trắng xạ hương Sạch vết bẩn cứng đầu lưu hương kép Gói 720g 750g,bột giặt; zeo,ZeO,https://shopee.vn/B%E1%BB%99t-gi%E1%BA%B7t-N%C6%B0%E1%BB%9Bc-hoa-ZeO-H%C6%B0%C6%A1ng-hoa-tr%E1%BA%AFng-x%E1%BA%A1-h%C6%B0%C6%A1ng-S%E1%BA%A1ch-v%E1%BA%BFt-b%E1%BA%A9n-c%E1%BB%A9ng-%C4%91%E1%BA%A7u-l%C6%B0u-h%C6%B0%C6%A1ng-k%C3%A9p-G%C3%B3i-720g-750g-i.20523065.21319337822,TRUE,2026-08-18
TRUE,28006686405,[SẠCH SÂU - TIẾT KIỆM] Nước giặt xả 2in1 Oplus Hương nước hoa Pháp Mềm vải lưu hương lâu Can 3.1kg 3.5kg,Oplus,Nước giặt,129390,227000,43%,STANDARD,[SẠCH SÂU - TIẾT KIỆM] Nước giặt xả 2in1 Oplus Hương nước hoa Pháp Mềm vải lưu hương lâu Can 3.1kg 3.5kg,2in1; nước giặt; oplus,Oplus,https://shopee.vn/-S%E1%BA%A0CH-S%C3%82U-TI%E1%BA%BET-KI%E1%BB%86M-N%C6%B0%E1%BB%9Bc-gi%E1%BA%B7t-x%E1%BA%A3-2in1-Oplus-H%C6%B0%C6%A1ng-n%C6%B0%E1%BB%9Bc-hoa-Ph%C3%A1p-M%E1%BB%81m-v%E1%BA%A3i-l%C6%B0u-h%C6%B0%C6%A1ng-l%C3%A2u-Can-3.1kg-3.5kg-i.20523065.28006686405,TRUE,2026-08-18
TRUE,40823425194,Nước giặt Pano combo 2 gói 1 8kg tặng nước rửa chén 400g hương hoa tươi mát giặt tay giặt máy sạch sâu vết bẩn,PANO,Nước giặt,120640,251333,52%,STANDARD,Nước giặt Pano combo 2 gói 1 8kg tặng nước rửa chén 400g hương hoa tươi mát giặt tay giặt máy sạch sâu vết bẩn,nước giặt; pano,PANO,https://shopee.vn/N%C6%B0%E1%BB%9Bc-gi%E1%BA%B7t-Pano-combo-2-g%C3%B3i-1-8kg-t%E1%BA%B7ng-n%C6%B0%E1%BB%9Bc-r%E1%BB%ADa-ch%C3%A9n-400g-h%C6%B0%C6%A1ng-hoa-t%C6%B0%C6%A1i-m%C3%A1t-gi%E1%BA%B7t-tay-gi%E1%BA%B7t-m%C3%A1y-s%E1%BA%A1ch-s%C3%A2u-v%E1%BA%BFt-b%E1%BA%A9n-i.20523065.40823425194,TRUE,2026-08-18
TRUE,14789198137,Nước giặt ZeO Matic 3in1 2.2kg hương táo xạ hương gỗ cho máy giặt cửa trước cửa trên sạch khuẩn khử mùi,ZeO,Nước giặt,89000,175000,49%,STANDARD,Nước giặt ZeO Matic 3in1 2.2kg hương táo xạ hương gỗ cho máy giặt cửa trước cửa trên sạch khuẩn khử mùi,nước giặt; zeo,ZeO,https://shopee.vn/N%C6%B0%E1%BB%9Bc-gi%E1%BA%B7t-ZeO-Matic-3in1-2.2kg-h%C6%B0%C6%A1ng-t%C3%A1o-x%E1%BA%A1-h%C6%B0%C6%A1ng-g%E1%BB%97-cho-m%C3%A1y-gi%E1%BA%B7t-c%E1%BB%ADa-tr%C6%B0%E1%BB%9Bc-c%E1%BB%ADa-tr%C3%AAn-s%E1%BA%A1ch-khu%E1%BA%A9n-kh%E1%BB%AD-m%C3%B9i-i.20523065.14789198137,TRUE,2026-08-18
TRUE,53011222501,[COMBO] 4 túi Nước giặt xả 2in1 Oplus Hương nước hoa Pháp Sạch sâu mềm vải thơm lâu 4 túi tổng 7.2kg,Oplus,Nước giặt,257592,585436,56%,STANDARD,[COMBO] 4 túi Nước giặt xả 2in1 Oplus Hương nước hoa Pháp Sạch sâu mềm vải thơm lâu 4 túi tổng 7.2kg,2in1; nước giặt; oplus,Oplus,https://shopee.vn/-COMBO-4-t%C3%BAi-N%C6%B0%E1%BB%9Bc-gi%E1%BA%B7t-x%E1%BA%A3-2in1-Oplus-H%C6%B0%C6%A1ng-n%C6%B0%E1%BB%9Bc-hoa-Ph%C3%A1p-S%E1%BA%A1ch-s%C3%A2u-m%E1%BB%81m-v%E1%BA%A3i-th%C6%A1m-l%C3%A2u-4-t%C3%BAi-t%E1%BB%95ng-7.2kg-i.20523065.53011222501,TRUE,2026-08-18
TRUE,42723420756,Nước giặt Pano Elegant túi 1.8kg combo mua 1 được 3 hương nước hoa Pháp cổ điển giặt tay giặt máy sạch sâu vết bẩn,PANO,Nước giặt,130693,251332,48%,STANDARD,Nước giặt Pano Elegant túi 1.8kg combo mua 1 được 3 hương nước hoa Pháp cổ điển giặt tay giặt máy sạch sâu vết bẩn,1.8kg; elegant; nước giặt; pano,PANO,https://shopee.vn/N%C6%B0%E1%BB%9Bc-gi%E1%BA%B7t-Pano-Elegant-t%C3%BAi-1.8kg-combo-mua-1-%C4%91%C6%B0%E1%BB%A3c-3-h%C6%B0%C6%A1ng-n%C6%B0%E1%BB%9Bc-hoa-Ph%C3%A1p-c%E1%BB%95-%C4%91i%E1%BB%83n-gi%E1%BA%B7t-tay-gi%E1%BA%B7t-m%C3%A1y-s%E1%BA%A1ch-s%C3%A2u-v%E1%BA%BFt-b%E1%BA%A9n-i.20523065.42723420756,TRUE,2026-08-18
TRUE,40373426171,Nước giặt Pano Active combo 2 túi 1.8kg tặng nước rửa chén 400g hương nước hoa Pháp sang trọng sạch sâu vết bẩn,PANO,Nước giặt,120640,251333,52%,STANDARD,Nước giặt Pano Active combo 2 túi 1.8kg tặng nước rửa chén 400g hương nước hoa Pháp sang trọng sạch sâu vết bẩn,1.8kg; active; nước giặt; pano,PANO,https://shopee.vn/N%C6%B0%E1%BB%9Bc-gi%E1%BA%B7t-Pano-Active-combo-2-t%C3%BAi-1.8kg-t%E1%BA%B7ng-n%C6%B0%E1%BB%9Bc-r%E1%BB%ADa-ch%C3%A9n-400g-h%C6%B0%C6%A1ng-n%C6%B0%E1%BB%9Bc-hoa-Ph%C3%A1p-sang-tr%E1%BB%8Dng-s%E1%BA%A1ch-s%C3%A2u-v%E1%BA%BFt-b%E1%BA%A9n-i.20523065.40373426171,TRUE,2026-08-18
TRUE,26442724780,Combo 2 túi Nước giặt Pano Warmish 1.8kg hương táo dứa hoa nhài sạch sâu vết bẩn tặng nước rửa chén 200g,PANO,Nước giặt,130693,242024,46%,STANDARD,Combo 2 túi Nước giặt Pano Warmish 1.8kg hương táo dứa hoa nhài sạch sâu vết bẩn tặng nước rửa chén 200g,1.8kg; nước giặt; pano; warmish,PANO,https://shopee.vn/Combo-2-t%C3%BAi-N%C6%B0%E1%BB%9Bc-gi%E1%BA%B7t-Pano-Warmish-1.8kg-h%C6%B0%C6%A1ng-t%C3%A1o-d%E1%BB%A9a-hoa-nh%C3%A0i-s%E1%BA%A1ch-s%C3%A2u-v%E1%BA%BFt-b%E1%BA%A9n-t%E1%BA%B7ng-n%C6%B0%E1%BB%9Bc-r%E1%BB%ADa-ch%C3%A9n-200g-i.20523065.26442724780,TRUE,2026-08-18
TRUE,43672853910,Combo 4 nước giặt Pano 1.8kg hương nước hoa Pháp giặt tay giặt máy sạch sâu vết bẩn an toàn cho da tay,PANO,Nước giặt,239343,460275,48%,STANDARD,Combo 4 nước giặt Pano 1.8kg hương nước hoa Pháp giặt tay giặt máy sạch sâu vết bẩn an toàn cho da tay,1.8kg; nước giặt; pano,PANO,https://shopee.vn/Combo-4-n%C6%B0%E1%BB%9Bc-gi%E1%BA%B7t-Pano-1.8kg-h%C6%B0%C6%A1ng-n%C6%B0%E1%BB%9Bc-hoa-Ph%C3%A1p-gi%E1%BA%B7t-tay-gi%E1%BA%B7t-m%C3%A1y-s%E1%BA%A1ch-s%C3%A2u-v%E1%BA%BFt-b%E1%BA%A9n-an-to%C3%A0n-cho-da-tay-i.20523065.43672853910,TRUE,2026-08-18
TRUE,27042559428,Thùng nước giặt Pano Active 6 túi hương nước hoa Pháp sang trọng giặt tay giặt máy sạch sâu an toàn da tay,PANO,Nước giặt,681812,1311176,48%,STANDARD,Thùng nước giặt Pano Active 6 túi hương nước hoa Pháp sang trọng giặt tay giặt máy sạch sâu an toàn da tay,active; nước giặt; pano,PANO,https://shopee.vn/Th%C3%B9ng-n%C6%B0%E1%BB%9Bc-gi%E1%BA%B7t-Pano-Active-6-t%C3%BAi-h%C6%B0%C6%A1ng-n%C6%B0%E1%BB%9Bc-hoa-Ph%C3%A1p-sang-tr%E1%BB%8Dng-gi%E1%BA%B7t-tay-gi%E1%BA%B7t-m%C3%A1y-s%E1%BA%A1ch-s%C3%A2u-an-to%C3%A0n-da-tay-i.20523065.27042559428,TRUE,2026-08-18
TRUE,29550492191,Nước giặt xả Oplus 2in1 can 3.5kg hương nước hoa Pháp không cần nước xả sạch sâu mềm vải lưu hương thơm lâu,Oplus,Nước giặt,129390,208693,38%,STANDARD,Nước giặt xả Oplus 2in1 can 3.5kg hương nước hoa Pháp không cần nước xả sạch sâu mềm vải lưu hương thơm lâu,2in1; can 3.5kg; nước giặt; oplus,Oplus,https://shopee.vn/N%C6%B0%E1%BB%9Bc-gi%E1%BA%B7t-x%E1%BA%A3-Oplus-2in1-can-3.5kg-h%C6%B0%C6%A1ng-n%C6%B0%E1%BB%9Bc-hoa-Ph%C3%A1p-kh%C3%B4ng-c%E1%BA%A7n-n%C6%B0%E1%BB%9Bc-x%E1%BA%A3-s%E1%BA%A1ch-s%C3%A2u-m%E1%BB%81m-v%E1%BA%A3i-l%C6%B0u-h%C6%B0%C6%A1ng-th%C6%A1m-l%C3%A2u-i.20523065.29550492191,TRUE,2026-08-18
TRUE,42822813714,Thùng nước giặt Pano Fresh 6 túi hương táo hoa trắng giặt tay giặt máy sạch sâu vết bẩn an toàn da tay bán sỉ,PANO,Nước giặt,681812,1311176,48%,STANDARD,Thùng nước giặt Pano Fresh 6 túi hương táo hoa trắng giặt tay giặt máy sạch sâu vết bẩn an toàn da tay bán sỉ,fresh; nước giặt; pano,PANO,https://shopee.vn/Th%C3%B9ng-n%C6%B0%E1%BB%9Bc-gi%E1%BA%B7t-Pano-Fresh-6-t%C3%BAi-h%C6%B0%C6%A1ng-t%C3%A1o-hoa-tr%E1%BA%AFng-gi%E1%BA%B7t-tay-gi%E1%BA%B7t-m%C3%A1y-s%E1%BA%A1ch-s%C3%A2u-v%E1%BA%BFt-b%E1%BA%A9n-an-to%C3%A0n-da-tay-b%C3%A1n-s%E1%BB%89-i.20523065.42822813714,TRUE,2026-08-18
TRUE,29842549801,Thùng nước giặt Pano Warmish6 túi hương táo dứa hoa nhài giặt tay giặt máy sạch sâu an toàn da tay bán sỉ,PANO,Nước giặt,552653,1151360,52%,STANDARD,Thùng nước giặt Pano Warmish6 túi hương táo dứa hoa nhài giặt tay giặt máy sạch sâu an toàn da tay bán sỉ,nước giặt; pano; warmish,PANO,https://shopee.vn/Th%C3%B9ng-n%C6%B0%E1%BB%9Bc-gi%E1%BA%B7t-Pano-Warmish6-t%C3%BAi-h%C6%B0%C6%A1ng-t%C3%A1o-d%E1%BB%A9a-hoa-nh%C3%A0i-gi%E1%BA%B7t-tay-gi%E1%BA%B7t-m%C3%A1y-s%E1%BA%A1ch-s%C3%A2u-an-to%C3%A0n-da-tay-b%C3%A1n-s%E1%BB%89-i.20523065.29842549801,TRUE,2026-08-18
TRUE,26042584534,Thùng nước giặt Pano Elegant 6 túi hương nước hoa Pháp cổ điển giặt tay giặt máy sạch sâu an toàn da tay,PANO,Nước giặt,555939,1292881,57%,STANDARD,Thùng nước giặt Pano Elegant 6 túi hương nước hoa Pháp cổ điển giặt tay giặt máy sạch sâu an toàn da tay,elegant; nước giặt; pano,PANO,https://shopee.vn/Th%C3%B9ng-n%C6%B0%E1%BB%9Bc-gi%E1%BA%B7t-Pano-Elegant-6-t%C3%BAi-h%C6%B0%C6%A1ng-n%C6%B0%E1%BB%9Bc-hoa-Ph%C3%A1p-c%E1%BB%95-%C4%91i%E1%BB%83n-gi%E1%BA%B7t-tay-gi%E1%BA%B7t-m%C3%A1y-s%E1%BA%A1ch-s%C3%A2u-an-to%C3%A0n-da-tay-i.20523065.26042584534,TRUE,2026-08-18
TRUE,19819336767,Nước tẩy toilet đậm đặc Pano Hương trái cây Tẩy cặn vôi ố vàng khử mùi hôi Chai 960g,PANO,Tẩy Toilet,30000,30000,0%,OUT_OF_STOCK,Nước tẩy toilet đậm đặc Pano Hương trái cây Tẩy cặn vôi ố vàng khử mùi hôi Chai 960g,pano; tẩy toilet,PANO,https://shopee.vn/N%C6%B0%E1%BB%9Bc-t%E1%BA%A9y-toilet-%C4%91%E1%BA%ADm-%C4%91%E1%BA%B7c-Pano-H%C6%B0%C6%A1ng-tr%C3%A1i-c%C3%A2y-T%E1%BA%A9y-c%E1%BA%B7n-v%C3%B4i-%E1%BB%91-v%C3%A0ng-kh%E1%BB%AD-m%C3%B9i-h%C3%B4i-Chai-960g-i.20523065.19819336767,FALSE,2026-08-18
TRUE,20825187721,Nước tẩy quần áo màu Oxy Active ZeO Hương cam chanh oải hương Tẩy vết bẩn giữ màu không phai Chai 400ml,ZeO,Nước tẩy quần áo màu,39000,39000,0%,OUT_OF_STOCK,Nước tẩy quần áo màu Oxy Active ZeO Hương cam chanh oải hương Tẩy vết bẩn giữ màu không phai Chai 400ml,active; cam chanh; nước tẩy quần áo màu; zeo,ZeO,https://shopee.vn/N%C6%B0%E1%BB%9Bc-t%E1%BA%A9y-qu%E1%BA%A7n-%C3%A1o-m%C3%A0u-Oxy-Active-ZeO-H%C6%B0%C6%A1ng-cam-chanh-o%E1%BA%A3i-h%C6%B0%C6%A1ng-T%E1%BA%A9y-v%E1%BA%BFt-b%E1%BA%A9n-gi%E1%BB%AF-m%C3%A0u-kh%C3%B4ng-phai-Chai-400ml-i.20523065.20825187721,FALSE,2026-08-18
TRUE,18983291625,Bộ 4 Tinh dầu thơm phòng 4in1 ZeO Hương SPA bưởi biển Midnight Khử mùi thư giãn 4 chai kèm kẹp treo,ZeO,Tinh dầu & Nước hoa,233367,288107,19%,OUT_OF_STOCK,Bộ 4 Tinh dầu thơm phòng 4in1 ZeO Hương SPA bưởi biển Midnight Khử mùi thư giãn 4 chai kèm kẹp treo,tinh dầu & nước hoa; zeo,ZeO,https://shopee.vn/B%E1%BB%99-4-Tinh-d%E1%BA%A7u-th%C6%A1m-ph%C3%B2ng-4in1-ZeO-H%C6%B0%C6%A1ng-SPA-b%C6%B0%E1%BB%9Fi-bi%E1%BB%83n-Midnight-Kh%E1%BB%AD-m%C3%B9i-th%C6%B0-gi%C3%A3n-4-chai-k%C3%A8m-k%E1%BA%B9p-treo-i.20523065.18983291625,FALSE,2026-08-18
