active,brand,category,intent,question_examples,answer,priority,source_id,updated_at
TRUE,ZeO,faq,shop_opening_hours,Shop mở cửa lúc mấy giờ?;Giờ làm việc của shop thế nào?;Shop bán hàng từ mấy giờ đến mấy giờ?;Hôm nay shop có mở cửa không?;Shop làm việc đến mấy giờ?,Dạ shop mở cửa từ 8:00 đến 21:00 mỗi ngày nha bạn.,90,zeo_auto_reply_docx_v1,2026-07-31
TRUE,ZeO,shipping,nationwide_shipping_no_cod,Shop có giao hàng không?;ZeO có ship toàn quốc không?;Shop giao hàng qua đơn vị nào?;Có giao hàng tận nơi không?;Shop có hỗ trợ COD không?;Tôi có được thanh toán khi nhận hàng không?,"Dạ ZeO có giao hàng toàn quốc qua các đối tác như GHTK, J&T và các đơn vị vận chuyển khác. Theo tài liệu hiện tại, shop không hỗ trợ hình thức COD nha bạn.",100,zeo_auto_reply_docx_v1,2026-07-31
TRUE,ZeO,sales,online_purchase,Tôi muốn mua hàng thì làm sao?;Mua sản phẩm ZeO online ở đâu?;Cho mình xin link cửa hàng chính thức;Đặt hàng trực tuyến như thế nào?;Mua hàng qua hotline được không?;Shop gửi mình đường dẫn mua hàng nhé,"Dạ bạn có thể mua hàng trực tuyến tại cửa hàng chính thức của ZeO Vietnam qua https://zeo.vn/ hoặc liên hệ hotline 1900 5307, phím nhánh số 02 nha bạn.",100,zeo_auto_reply_docx_v1,2026-07-31
TRUE,ZeO/PANO/Oplus,sales,wholesale_inquiry,Tôi muốn nhập hàng thì làm sao?;Làm sao để đăng ký làm đại lý?;Tôi muốn lấy sỉ sản phẩm;Muốn kinh doanh ZeO thì liên hệ ai?;Cho mình thông tin nhà phân phối;Tôi muốn hợp tác phân phối sản phẩm,Dạ bạn vui lòng để lại số điện thoại và khu vực muốn kinh doanh. Admin sẽ chuyển thông tin đến nhà phân phối hoặc nhân viên phụ trách khu vực để liên hệ bạn sớm nhất ạ.,95,zeo_auto_reply_docx_v1,2026-07-31
TRUE,ZeO/PANO/Oplus,support,general_support_request,Mình cần hỗ trợ;Admin hỗ trợ mình với;Tôi đang gặp vấn đề với sản phẩm;Cho mình gặp bộ phận hỗ trợ;Shop có thể giúp mình không?;Mình cần hỗ trợ về dịch vụ,Dạ bạn cần mình hỗ trợ vấn đề gì về sản phẩm hoặc dịch vụ ạ? Bạn mô tả giúp mình để mình hỗ trợ chính xác hơn nha.,90,zeo_auto_reply_docx_v1,2026-07-31
TRUE,ZeO/PANO/Oplus,support,product_consultation_request,Mình cần tư vấn sản phẩm;Shop tư vấn giúp mình nhé;Không biết nên chọn sản phẩm nào;Admin tư vấn loại phù hợp giúp mình;Mình muốn hỏi về sản phẩm;Có ai tư vấn cho mình không?,Dạ mình sẵn sàng hỗ trợ ạ. Bạn đang cần tư vấn về sản phẩm nào hoặc nhu cầu sử dụng cụ thể ra sao nha?,90,zeo_auto_reply_docx_v1,2026-07-31
TRUE,ZeO/PANO/Oplus,faq,company_address,Địa chỉ công ty ở đâu?;Công ty ZeO nằm ở đâu?;Cho mình xin địa chỉ công ty;Công ty ở Cần Thơ phải không?;Mình muốn đến công ty thì đi đâu?;Địa chỉ nhà máy là gì?,"Dạ địa chỉ Công ty là Trục chính KCN Trà Nóc 1, phường Thới An Đông, thành phố Cần Thơ ạ.",85,zeo_auto_reply_docx_v1,2026-07-31
TRUE,ZeO/PANO/Oplus,policy,return_policy_scope,Chính sách đổi trả áp dụng cho sản phẩm nào?;Mua trên Shopee có được đổi trả không?;Hàng mua ở đại lý có áp dụng đổi trả không?;Mua trên TikTok Shop có được đổi hàng không?;Kênh nào được áp dụng chính sách đổi trả?,"Dạ chính sách đổi trả áp dụng cho các sản phẩm PANO, ZeO và Oplus được bán qua cửa hàng đại lý, TikTok Shop, Shopee, Tiki và kênh phân phối trực tiếp của Công ty nha bạn.",90,zeo_policy_cskh_docx_v1,2026-07-31
TRUE,ZeO/PANO/Oplus,policy,return_eligible_cases,Trường hợp nào được đổi trả hàng?;Hàng bị lỗi có được đổi không?;Giao sai sản phẩm thì xử lý thế nào?;Hàng hết hạn khi giao có được trả không?;Thiếu số lượng có được khiếu nại không?;Hàng bị hư khi vận chuyển có được đổi không?,"Dạ hàng được xem xét đổi hoặc trả khi bị lỗi sản xuất như rò rỉ, nắp hỏng, bao bì thủng hoặc bong nhãn; giao sai SKU, mùi hương hoặc trọng lượng; sản phẩm hết hạn tại thời điểm giao; hàng hư hỏng khi vận chuyển có biên bản xác nhận; hoặc số lượng thực tế không khớp hóa đơn hay phiếu giao hàng.",100,zeo_policy_cskh_docx_v1,2026-07-31
TRUE,ZeO/PANO/Oplus,policy,return_claim_deadlines,Thời hạn khiếu nại đổi trả là bao lâu?;Nhận thiếu hàng thì báo trong mấy ngày?;Lỗi vận chuyển phải báo khi nào?;Sản phẩm lỗi chất lượng được phản ánh trong bao lâu?;Phát hiện lỗi sản xuất khi bán lẻ còn được đổi không?;Quá 7 ngày có khiếu nại được không?,Dạ lỗi vận chuyển hoặc sai số lượng cần được khiếu nại trong vòng 24 giờ kể từ khi nhận hàng. Lỗi chất lượng sản phẩm cần báo trong vòng 7 ngày. Hàng lỗi sản xuất được phát hiện trong quá trình bán lẻ có thể phản ánh trong thời hạn sử dụng của sản phẩm.,100,zeo_policy_cskh_docx_v1,2026-07-31
TRUE,ZeO/PANO/Oplus,policy,return_excluded_cases,Trường hợp nào không được đổi trả?;Dùng hơn 30% sản phẩm có đổi được không?;Không có hóa đơn có được trả hàng không?;Đổi ý sau khi nhận hàng có trả được không?;Bảo quản sai làm hư hàng có được đổi không?;Hàng hết hạn nhưng báo trễ có được xử lý không?,Dạ hàng không được đổi hoặc trả nếu đã sử dụng quá 30% dung tích; bị hư do bảo quản sai như nhiệt độ cao hoặc quá ẩm; không có hóa đơn hay phiếu giao hàng; hàng hết hạn nhưng không thông báo đúng thời hạn; hoặc khách hàng thay đổi nhu cầu sau khi đã nhận hàng.,100,zeo_policy_cskh_docx_v1,2026-07-31
TRUE,ZeO/PANO/Oplus,policy,return_process,Quy trình đổi trả hàng như thế nào?;Muốn đổi hàng lỗi thì bắt đầu từ đâu?;Cần gửi thông tin gì khi yêu cầu đổi trả?;Ai xác nhận yêu cầu đổi trả?;Sau khi được duyệt thì hàng lỗi được thu hồi ra sao?;Đổi trả gồm những bước nào?,"Dạ bạn liên hệ hotline 1900 5307 hoặc gửi thông tin kèm ảnh hay video sản phẩm lỗi. Bộ phận CSKH kiểm tra đơn hàng và điều kiện đổi trả; Công ty phản hồi chấp thuận hoặc từ chối trong vòng 24 giờ làm việc; sau đó tài xế hoặc đơn vị vận chuyển thu hồi hàng lỗi, giao hàng thay thế hoặc xử lý hoàn tiền. Hồ sơ đổi trả sẽ được ghi nhận và lưu trên hệ thống.",100,zeo_policy_cskh_docx_v1,2026-07-31
TRUE,ZeO/PANO/Oplus,policy,return_resolution_options,Hàng lỗi sẽ được giải quyết thế nào?;Shop đổi sản phẩm hay hoàn tiền?;Hết hàng thay thế thì xử lý ra sao?;Đại lý có thể trừ tiền vào đơn sau không?;Có được hoàn lại toàn bộ tiền sản phẩm không?;Các hình thức xử lý đổi trả gồm gì?,"Dạ Công ty ưu tiên đổi sản phẩm cùng loại khi hàng lỗi hoặc giao sai. Nếu không còn hàng thay thế, bạn được hoàn 100% giá trị sản phẩm. Với đại lý phân phối, giá trị có thể được giảm trừ vào đơn hàng kế tiếp theo thỏa thuận.",95,zeo_policy_cskh_docx_v1,2026-07-31
TRUE,ZeO/PANO/Oplus,policy,refund_processing_time,Bao lâu thì nhận được tiền hoàn?;Thời gian xử lý hoàn tiền là mấy ngày?;Hoàn tiền đổi trả có lâu không?;Sau khi xác nhận đổi trả bao giờ được hoàn tiền?;Shop hoàn tiền tối đa trong bao lâu?,Dạ thời gian xử lý hoàn tiền tối đa là 5 ngày làm việc kể từ khi yêu cầu đổi trả được xác nhận nha bạn.,95,zeo_policy_cskh_docx_v1,2026-07-31
TRUE,ZeO/PANO/Oplus,operations,new_customer_welcome_template,Có mẫu tin nhắn chào khách hàng mới không?;Nên chào mừng khách mới như thế nào?;Cho mình mẫu chào khách mua lần đầu;CSKH gửi lời chào khách mới ra sao?;Mẫu tin nhắn cảm ơn khách mới là gì?,"Xin chào [Tên Khách Hàng]! 💙 Cảm ơn bạn đã tin tưởng và lựa chọn sản phẩm PANO / ZeO / Oplus. Bên mình cam kết mang đến sản phẩm tẩy rửa chất lượng cao, an toàn cho gia đình và thân thiện với môi trường. Khi cần hỗ trợ về sản phẩm hoặc đơn hàng, bạn vui lòng liên hệ hotline 1900 5307 hoặc truy cập zeo.vn. Chúc bạn và gia đình một ngày vui vẻ!",70,zeo_policy_cskh_docx_v1,2026-07-31
TRUE,ZeO/PANO/Oplus,operations,post_purchase_followup_template,Có mẫu hỏi thăm khách sau mua hàng không?;Sau giao hàng 3 ngày nên nhắn gì?;Mẫu tin nhắn xin đánh giá 5 sao là gì?;CSKH theo dõi trải nghiệm sau mua thế nào?;Nên hỏi khách đã dùng sản phẩm ra sao?,"Xin chào [Tên Khách Hàng]! Đã 3 ngày kể từ khi bạn nhận được đơn hàng [Tên Sản Phẩm]. Bên mình muốn hỏi thăm trải nghiệm của bạn với sản phẩm ạ. Nếu hài lòng, bạn có thể để lại đánh giá 5 sao trên Shopee hoặc TikTok Shop. Nếu có bất kỳ vấn đề gì, bạn hãy liên hệ để bên mình hỗ trợ nhé.",65,zeo_policy_cskh_docx_v1,2026-07-31
TRUE,ZeO/PANO/Oplus,operations,loyal_customer_thank_template,Có mẫu tri ân khách hàng thân thiết không?;Nên cảm ơn khách hàng lâu năm thế nào?;Mẫu gửi mã giảm giá cho khách cũ là gì?;Tin nhắn tri ân khách thân thiết viết sao?;CSKH gửi ưu đãi khách quen như thế nào?,"Xin chào [Tên Khách Hàng] thân mến! Cảm ơn bạn đã đồng hành cùng PANO / ZeO / Oplus trong [thời gian]. Bên mình trân trọng sự tin tưởng của bạn và xin gửi mã giảm giá [MÃ GIẢM GIÁ], giảm [X]% cho đơn hàng tiếp theo, có hiệu lực đến [Ngày hết hạn]. Cảm ơn bạn đã tiếp tục ủng hộ thương hiệu Việt Nam chất lượng cao!",60,zeo_policy_cskh_docx_v1,2026-07-31
TRUE,ZeO/PANO/Oplus,operations,promotion_announcement_template,Có mẫu thông báo khuyến mãi không?;Viết tin nhắn sale cho khách thế nào?;Mẫu giới thiệu chương trình ưu đãi là gì?;Thông báo mua hàng tặng quà viết sao?;CSKH gửi chương trình khuyến mãi thế nào?,"Xin chào [Tên Khách Hàng]! 🔥 Chương trình [Tên chương trình khuyến mãi] diễn ra từ [Ngày bắt đầu] đến [Ngày kết thúc]. Khi mua [Tên sản phẩm], bạn được tặng kèm [Quà tặng]. Bạn có thể đặt hàng tại zeo.vn, Shopee hoặc TikTok Shop. Số lượng quà tặng có hạn nha bạn.",65,zeo_policy_cskh_docx_v1,2026-07-31
TRUE,ZeO/PANO/Oplus,support,complaint_handling_principles,Nguyên tắc xử lý khiếu nại là gì?;CSKH cần làm gì khi khách phàn nàn?;Có được đổ lỗi cho khách hàng không?;Khiếu nại của khách có được bảo mật không?;Quy trình CSKH theo dõi khiếu nại thế nào?,"Khi xử lý khiếu nại, bên mình thực hiện theo nguyên tắc lắng nghe, thấu hiểu và giải quyết tận gốc; không đổ lỗi cho khách hàng. Mọi khiếu nại đều được ghi nhận, theo dõi, báo cáo định kỳ và bảo mật thông tin khách hàng trong suốt quá trình xử lý.",90,zeo_policy_cskh_docx_v1,2026-07-31
TRUE,ZeO/PANO/Oplus,support,complaint_response_time,Bao lâu thì CSKH phản hồi khiếu nại?;Khiếu nại qua mạng được trả lời trong mấy giờ?;Phản ánh qua kênh truyền thống mất bao lâu?;Shop có thời hạn phản hồi khiếu nại không?;Gửi khiếu nại rồi khi nào được trả lời?,Dạ khiếu nại qua kênh điện tử được phản hồi trong vòng 2 giờ làm việc. Khiếu nại qua kênh truyền thống được phản hồi trong vòng 24 giờ làm việc nha bạn.,95,zeo_policy_cskh_docx_v1,2026-07-31
TRUE,ZeO/PANO/Oplus,support,complaint_severity_levels,Khiếu nại được chia thành mấy cấp độ?;Giao hàng chậm thuộc cấp độ nào?;Sản phẩm rò rỉ được xử lý trong bao lâu?;Kích ứng da thuộc mức khiếu nại nào?;Khủng hoảng trên mạng xã hội xử lý ra sao?;Thời gian xử lý từng loại khiếu nại là bao lâu?,"Khiếu nại được chia thành 4 cấp độ: cấp 1 gồm giao chậm, thiếu hàng nhỏ hoặc sai mùi hương, xử lý trong 2 giờ làm việc; cấp 2 gồm lỗi bao bì, rò rỉ hoặc sai đơn số lượng lớn, xử lý trong 24 giờ; cấp 3 gồm kích ứng da, phản ứng bất thường hoặc chất lượng kém, xử lý trong 48 giờ kèm kiểm định; cấp 4 là khiếu nại hàng loạt hoặc phản ánh trên báo chí, mạng xã hội và phải xử lý ngay.",95,zeo_policy_cskh_docx_v1,2026-07-31
TRUE,ZeO/PANO/Oplus,support,complaint_product_leak,Sản phẩm bị rò rỉ thì làm sao?;Chai bị chảy nước có được đổi không?;Bao bì sản phẩm bị rò phải gửi gì?;Shop xử lý hàng rò rỉ thế nào?;Cần chụp thông tin nào khi sản phẩm bị lỗi?,"Dạ bên mình rất tiếc về sự bất tiện này. Bạn vui lòng gửi hình ảnh sản phẩm lỗi và số lô sản xuất in trên bao bì để bên mình kiểm tra ngay. Theo kịch bản CSKH, ZeO Vietnam sẽ hỗ trợ đổi sản phẩm mới trong thời gian xử lý được xác nhận với bạn.",100,zeo_policy_cskh_docx_v1,2026-07-31
TRUE,ZeO/PANO/Oplus,support,complaint_product_effectiveness,Sản phẩm dùng không hiệu quả thì làm sao?;Giặt không sạch như mong đợi thì xử lý thế nào?;Shop có hướng dẫn lại cách dùng không?;Không hài lòng về hiệu quả sản phẩm có đổi được không?;Dùng đúng sản phẩm nhưng kết quả chưa tốt thì sao?,"Dạ cảm ơn bạn đã phản hồi. Bạn cho mình biết tên sản phẩm, trọng lượng, liều lượng và loại máy giặt đang sử dụng nhé. Hiệu quả có thể phụ thuộc vào liều lượng và cách dùng, nên bên mình sẽ hướng dẫn lại cách sử dụng phù hợp. Nếu bạn vẫn chưa hài lòng, bên mình sẽ hỗ trợ theo chính sách đổi trả.",95,zeo_policy_cskh_docx_v1,2026-07-31
TRUE,ZeO,support,complaint_one_star_review,Khách đánh giá 1 sao thì phản hồi thế nào?;Nên trả lời review xấu trên sàn ra sao?;Mẫu phản hồi đánh giá 1 sao là gì?;Khách chê sản phẩm trên Shopee thì xử lý sao?;Làm sao mời khách inbox khi có đánh giá xấu?,Kính chào bạn! ZeO Vietnam rất tiếc vì trải nghiệm chưa tốt của bạn. Bên mình đã ghi nhận phản hồi và mong được liên hệ trực tiếp để hỗ trợ. Bạn vui lòng nhắn tin inbox cho shop hoặc gọi hotline 0907 902 546 để được giải quyết nhanh nhất. Cảm ơn bạn đã cho bên mình cơ hội cải thiện.,90,zeo_policy_cskh_docx_v1,2026-07-31
TRUE,ZeO/PANO/Oplus,support,complaint_delayed_delivery_refund,Giao hàng chậm có được hoàn tiền không?;Đơn bị thất lạc thì shop xử lý thế nào?;Hàng giao trễ muốn hoàn tiền phải làm sao?;Shop có gửi lại hàng nếu đơn bị mất không?;Cần cung cấp gì khi khiếu nại giao hàng chậm?,"Dạ bên mình thành thật xin lỗi vì sự chậm trễ. Bên mình sẽ liên hệ đơn vị vận chuyển để xác minh tình trạng đơn hàng. Nếu hàng bị thất lạc, bên mình sẽ gửi lại hàng hoặc hoàn tiền 100% cho bạn. Bạn vui lòng cung cấp mã đơn hàng để kiểm tra ạ.",100,zeo_policy_cskh_docx_v1,2026-07-31
TRUE,ZeO/PANO/Oplus,faq,company_overview,Công ty được thành lập khi nào?;ZeO thuộc công ty nào?;Công ty có bao nhiêu năm kinh nghiệm?;Giới thiệu về Công ty Phân bón và Hóa chất Cần Thơ;Đơn vị sản xuất PANO ZeO Oplus là ai?,"PANO, ZeO và Oplus thuộc Công ty Cổ phần Phân bón và Hóa chất Cần Thơ, được thành lập năm 1977. Theo Brand Bible, Công ty có hơn 45 năm kinh nghiệm trong sản xuất hóa chất gia dụng và đã xây dựng hệ thống phân phối rộng khắp cả nước.",80,zeo_brand_bible_docx_v1,2026-07-31
TRUE,ZeO/PANO/Oplus,faq,company_contact_information,Hotline chung của công ty là số nào?;Website chính thức của ZeO là gì?;Cho mình thông tin liên hệ công ty;Công ty ở Bình Thủy phải không?;Liên hệ ZeO Vietnam qua đâu?,"Theo Brand Bible, Công ty đặt tại Trục Chính Khu Công Nghiệp Trà Nóc 1, Bình Thuỷ, Cần Thơ; hotline 0907 902 546; website zeo.vn.",85,zeo_brand_bible_docx_v1,2026-07-31
TRUE,ZeO/PANO/Oplus,brand,company_vision,Tầm nhìn của công ty là gì?;Công ty muốn phát triển theo hướng nào?;Mục tiêu dài hạn của thương hiệu là gì?;ZeO muốn trở thành doanh nghiệp như thế nào?;Tầm nhìn của PANO ZeO Oplus ra sao?,"Tầm nhìn của Công ty là trở thành một trong những công ty sản xuất chất tẩy rửa hàng đầu Việt Nam, được công nhận về chất lượng sản phẩm và dịch vụ xuất sắc.",60,zeo_brand_bible_docx_v1,2026-07-31
TRUE,ZeO/PANO/Oplus,brand,company_mission,Sứ mệnh của công ty là gì?;Thương hiệu mang lại giá trị gì cho gia đình Việt?;PANO ZeO Oplus hướng đến điều gì?;Mục tiêu phục vụ khách hàng của công ty là gì?;Sứ mệnh về sản phẩm và môi trường là gì?,"Sứ mệnh của Công ty là cung cấp sản phẩm tẩy rửa chất lượng cao, an toàn cho sức khỏe, thân thiện với môi trường và có giá thành hợp lý, trở thành người bạn đồng hành đáng tin cậy của các gia đình Việt Nam.",65,zeo_brand_bible_docx_v1,2026-07-31
TRUE,ZeO/PANO/Oplus,brand,brand_slogans,Slogan của PANO là gì?;Khẩu hiệu của ZeO là gì?;PANO có thông điệp thương hiệu nào?;Câu Nâng niu cảm xúc thuộc thương hiệu nào?;Cho mình biết slogan PANO và ZeO,Slogan của PANO là “NÂNG NIU CẢM XÚC”. Slogan được ghi cho ZeO trong Brand Bible là “Dòng sản phẩm tẩy rửa chất lượng”.,60,zeo_brand_bible_docx_v1,2026-07-31
TRUE,ZeO/PANO/Oplus,brand,core_brand_values,Giá trị cốt lõi của thương hiệu là gì?;Công ty đề cao những giá trị nào?;PANO ZeO Oplus cam kết điều gì?;Bốn giá trị cốt lõi của công ty là gì?;Thương hiệu chú trọng chất lượng và trách nhiệm ra sao?,"Bốn giá trị cốt lõi là Chất Lượng, Đổi Mới, Trách Nhiệm và Đồng Hành. Công ty nhấn mạnh kiểm soát chất lượng, ứng dụng công nghệ, cam kết với sức khỏe và môi trường, đồng thời lắng nghe nhu cầu thực tế của người tiêu dùng Việt Nam.",70,zeo_brand_bible_docx_v1,2026-07-31
TRUE,ZeO/PANO/Oplus,brand,brand_personality,Tính cách thương hiệu là gì?;ZeO nên giao tiếp với khách theo phong cách nào?;Thương hiệu muốn tạo cảm giác ra sao?;PANO ZeO Oplus có hình ảnh như thế nào?;Giọng thương hiệu cần thể hiện những đặc điểm gì?,Tính cách thương hiệu gồm ấm áp và gần gũi; đáng tin cậy; tự tin và năng động; tươi mới và trẻ trung; có trách nhiệm với sức khỏe người dùng và môi trường.,75,zeo_brand_bible_docx_v1,2026-07-31
TRUE,ZeO/PANO/Oplus,operations,tone_of_voice_guidelines,ZeO nên xưng hô với khách thế nào?;Quy tắc viết nội dung thương hiệu là gì?;Nên dùng giọng văn nào khi trả lời khách?;Có nên dùng emoji trong bài đăng không?;Nội dung bán hàng nên nhấn mạnh điều gì?;Câu trả lời CSKH nên dài hay ngắn?,"Khi giao tiếp, nên dùng câu ngắn, rõ ràng và dễ hiểu; xưng hô thân thiện bằng “bạn”, “mình” hoặc “gia đình bạn”; nhấn mạnh lợi ích thực tế như sạch hơn, thơm hơn và an toàn hơn; dùng số liệu hoặc chứng nhận để tăng độ tin cậy. Nội dung mạng xã hội có thể dùng emoji phù hợp, không quá 2–3 emoji trong một câu.",85,zeo_brand_bible_docx_v1,2026-07-31
TRUE,ZeO/PANO/Oplus,operations,tone_of_voice_restrictions,Những cách viết nào thương hiệu cần tránh?;Có được so sánh trực tiếp với đối thủ không?;Có nên nói sản phẩm tốt nhất thế giới không?;Nội dung nào dễ gây hiểu nhầm cần tránh?;Có được dùng hình ảnh người nổi tiếng không?;ZeO không nên dùng ngôn ngữ như thế nào?,"Thương hiệu cần tránh ngôn ngữ hoa mỹ, phức tạp; tránh gọi tên hoặc so sánh trực tiếp với đối thủ; không đưa tuyên bố quá mức và không có căn cứ; không dùng câu chữ gây hiểu nhầm về thành phần hay công dụng; không sử dụng hình ảnh người nổi tiếng khi chưa có hợp đồng ký kết.",85,zeo_brand_bible_docx_v1,2026-07-31
TRUE,ZeO/PANO/Oplus,operations,tiktok_reels_content_style,Nội dung TikTok của ZeO nên viết thế nào?;Video Reels cần mở đầu ra sao?;Hook TikTok nên dài hay ngắn?;Cách viết nội dung video ngắn của thương hiệu là gì?;Ba giây đầu video nên làm gì?,Nội dung TikTok hoặc Reels nên ngắn gọn và có hook mạnh trong 3 giây đầu. Thông điệp cần đi thẳng vào lợi ích sản phẩm và khuyến khích người xem tiếp tục theo dõi.,65,zeo_brand_bible_docx_v1,2026-07-31
TRUE,ZeO/PANO/Oplus,operations,ecommerce_product_description_style,Mô tả sản phẩm trên Shopee nên viết thế nào?;Nội dung Tiki cần trình bày ra sao?;Có nên viết in hoa toàn bộ mô tả sản phẩm không?;Mô tả sàn thương mại điện tử cần tập trung gì?;Cách trình bày USP trên Shopee là gì?,"Mô tả sản phẩm trên Shopee hoặc Tiki cần có đủ thông tin, trình bày bằng các ý rõ ràng và tập trung vào công dụng cùng USP. Không viết in hoa toàn bộ nội dung.",70,zeo_brand_bible_docx_v1,2026-07-31
TRUE,ZeO/PANO/Oplus,operations,facebook_zalo_content_style,Nội dung Facebook của thương hiệu nên viết thế nào?;Zalo OA nên dùng giọng văn gì?;Bài đăng Facebook có thể dài không?;Có nên kể câu chuyện trong bài bán hàng không?;Cách viết nội dung mạng xã hội cho ZeO là gì?,"Trên Facebook hoặc Zalo OA, thương hiệu nên dùng giọng thân mật, có thể viết dài hơn và kể một câu chuyện ngắn về lợi ích của sản phẩm trong cuộc sống hằng ngày.",70,zeo_brand_bible_docx_v1,2026-07-31
TRUE,ZeO/PANO/Oplus,operations,email_zalo_business_style,Email của ZeO nên viết theo giọng nào?;Zalo Business cần trang trọng đến mức nào?;Nội dung gửi đối tác nên mở đầu thế nào?;Email CSKH có cần lời cảm ơn không?;Cách viết email thương hiệu là gì?,"Email và Zalo Business nên chuyên nghiệp, trang trọng hơn các kênh mạng xã hội nhưng vẫn giữ sự ấm áp. Nội dung cần có lời chào và lời cảm ơn rõ ràng.",65,zeo_brand_bible_docx_v1,2026-07-31
TRUE,ZeO/PANO/Oplus,operations,review_response_guidelines,Phản hồi đánh giá khách hàng cần lưu ý gì?;Có nên tranh luận với khách khi review xấu không?;Mở đầu câu trả lời review thế nào?;Có nên dùng một mẫu trả lời cho mọi review không?;Nguyên tắc trả lời đánh giá sản phẩm là gì?,"Khi phản hồi đánh giá, luôn cảm ơn khách hàng trước, không tranh luận và tập trung vào việc giải quyết vấn đề. Không nên sao chép cùng một mẫu phản hồi cho tất cả khách hàng.",80,zeo_brand_bible_docx_v1,2026-07-31
TRUE,PANO,brand,pano_brand_colors,Màu thương hiệu PANO gồm những màu nào?;Mã màu xanh Navy của PANO là gì?;Màu hồng điểm nhấn PANO có mã nào?;PANO dùng màu gì cho nút bấm?;Cho mình bảng màu nhận diện PANO,"Bảng màu PANO gồm Navy #0D2C6E làm màu chủ đạo; xanh dương #1A5FD4 cho nút bấm, tiêu đề và CTA; hồng tím #E84C8B làm điểm nhấn cảm xúc; cyan #00C4E8 cho icon và badge; trắng #FFFFFF làm nền chính; xám nhạt #F5F5F5 làm nền phụ.",50,zeo_brand_bible_docx_v1,2026-07-31
TRUE,ZeO/PANO/Oplus,brand,brand_typography,Thương hiệu nên dùng font chữ nào?;Cỡ chữ tiêu đề trong tài liệu là bao nhiêu?;Font dùng cho nội dung digital là gì?;Font in ấn được đề xuất gồm những font nào?;Quy định typography của thương hiệu ra sao?,"Tiêu đề lớn dùng phông Bold cỡ 24–36pt; tiêu đề phụ dùng Semi-bold cỡ 14–20pt; nội dung thân dùng Regular cỡ 11–13pt; chú thích dùng Italic cỡ 9–11pt. Font in ấn được đề xuất là Times New Roman, Arial hoặc Montserrat; font digital là Inter, Roboto hoặc Be Vietnam Pro.",50,zeo_brand_bible_docx_v1,2026-07-31
TRUE,ZeO,product,zeo_detergent_technology,Bột giặt ZeO dùng công nghệ gì?;Enzyme Thụy Điển có trong sản phẩm nào?;Bột giặt ZeO xử lý vết dầu mỡ ra sao?;ZeO có giặt sạch trong nước lạnh không?;Công nghệ chính của bột giặt ZeO là gì?,"Bột giặt ZeO sử dụng Enzyme Thụy Điển, giúp tẩy sạch sâu các vết bẩn cứng đầu như dầu mỡ, bùn đất và mồ hôi, kể cả khi giặt bằng nước lạnh.",95,zeo_brand_bible_docx_v1,2026-07-31
TRUE,ZeO,product,zeo_detergent_certification,Bột giặt ZeO có chứng nhận gì?;ZeO đã được Viện Pasteur chứng nhận chưa?;Khả năng diệt khuẩn của ZeO được kiểm định ở đâu?;Sản phẩm ZeO có kiểm nghiệm quốc tế không?;Chứng nhận khoa học của bột giặt ZeO là gì?,"Theo Brand Bible, bột giặt ZeO được chứng nhận bởi Viện Pasteur Việt Nam và phòng thí nghiệm tại Singapore về khả năng diệt khuẩn gây hại.",90,zeo_brand_bible_docx_v1,2026-07-31
TRUE,ZeO,product,zeo_detergent_fragrance,Bột giặt ZeO có thơm lâu không?;ZeO dùng hương thơm gì?;Hương nước hoa của bột giặt ZeO thế nào?;Quần áo giặt ZeO có lưu hương không?;ZeO có những dòng Nha Đam Bọt Biển Nước Hoa không?,"Bột giặt ZeO có các dòng Nha Đam, Bọt Biển và Nước Hoa. Sản phẩm sử dụng hương nước hoa cao cấp, được mô tả là lưu giữ lâu theo từng chuyển động, tạo cảm giác tự tin và thoải mái.",90,zeo_brand_bible_docx_v1,2026-07-31
TRUE,ZeO,product,zeo_detergent_usp,Điểm nổi bật nhất của bột giặt ZeO là gì?;USP của bột giặt ZeO là gì?;Bột giặt ZeO khác biệt ở điểm nào?;Vì sao nên chọn bột giặt ZeO?;Bột giặt ZeO có ưu điểm gì?,"USP chính của bột giặt ZeO là kết hợp Enzyme Thụy Điển, khả năng diệt khuẩn được Viện Pasteur chứng nhận và hương nước hoa lưu giữ lâu. Bao bì được định hướng đơn giản, sang trọng và khác biệt.",95,zeo_brand_bible_docx_v1,2026-07-31
TRUE,Oplus,product,oplus_detergent_ion_technology,Bột giặt Oplus dùng công nghệ gì?;Công nghệ ION có tác dụng gì?;Oplus có giúp quần áo trắng sáng không?;Bột giặt Oplus có giảm phai màu không?;Công nghệ tẩy trắng của Oplus là gì?,"Bột giặt Oplus sử dụng công nghệ ION tẩy trắng tối ưu, giúp quần áo trắng sáng đều màu và giảm phai màu.",90,zeo_brand_bible_docx_v1,2026-07-31
TRUE,Oplus,product,oplus_detergent_features,Bột giặt Oplus có thơm lâu không?;Oplus có hòa tan nhanh không?;Bột giặt Oplus dùng cho da nhạy cảm được không?;Oplus dùng được cho giặt tay và giặt máy không?;Ưu điểm của bột giặt Oplus là gì?;Oplus có giúp tiết kiệm nước không?,"Bột giặt Oplus có hương nước hoa Châu Âu dịu nhẹ và bền lâu; công thức hòa tan nhanh, phù hợp cả giặt tay lẫn giặt máy và giúp tiết kiệm nước, thời gian. Công thức được mô tả là dịu nhẹ với da tay và phù hợp với người có da nhạy cảm.",90,zeo_brand_bible_docx_v1,2026-07-31
TRUE,Oplus,product,oplus_detergent_usp,USP của bột giặt Oplus là gì?;Oplus có bốn lợi ích nào?;Vì sao bột giặt Oplus tiết kiệm?;Bột giặt Oplus phù hợp với ai?;Điểm khác biệt của Oplus là gì?,"USP của bột giặt Oplus là sạch sâu, thơm lâu, dịu nhẹ và tiết kiệm trong một sản phẩm có giá thành hợp lý.",85,zeo_brand_bible_docx_v1,2026-07-31
TRUE,PANO,product,pano_laundry_positioning,PANO là thương hiệu như thế nào?;Nước giặt PANO thuộc phân khúc nào?;Thông điệp Nâng niu cảm xúc có ý nghĩa gì?;PANO hướng đến nhóm khách hàng nào?;Định vị của bột giặt và nước giặt PANO là gì?,"PANO được định vị trẻ trung, hiện đại và thiên về cảm xúc. Slogan “NÂNG NIU CẢM XÚC” thể hiện sản phẩm không chỉ làm sạch mà còn hướng đến cảm giác dễ chịu, tươi mới sau mỗi lần giặt.",80,zeo_brand_bible_docx_v1,2026-07-31
TRUE,PANO,product,pano_laundry_fragrance_options,PANO có những mùi hương nào?;Nước giặt PANO có mấy màu?;Có thể chọn hương nước giặt PANO không?;PANO Đỏ Xanh Hồng Cam Tím khác nhau thế nào?;PANO có nhiều lựa chọn hương thơm không?,"Bột giặt và nước giặt PANO có nhiều tùy chọn hương được nhận diện theo các màu Đỏ, Xanh, Hồng, Cam và Tím, phù hợp với sở thích của từng gia đình.",85,zeo_brand_bible_docx_v1,2026-07-31
TRUE,PANO,product,pano_veilex_odor_control,Công nghệ VEILEX có tác dụng gì?;PANO có khử mùi quần áo thể thao không?;Nước giặt PANO xử lý mùi hôi thế nào?;PANO có phù hợp với đồ trẻ em không?;Công nghệ khử mùi của PANO là gì?,"PANO sử dụng công nghệ khử mùi VEILEX, được mô tả là loại bỏ mùi hôi khó chịu và đặc biệt hiệu quả với vải thể thao cùng đồ dùng của trẻ em.",90,zeo_brand_bible_docx_v1,2026-07-31
TRUE,PANO,product,pano_laundry_packaging_and_segment,Nước giặt PANO có dạng túi hay can?;PANO thuộc phân khúc giá nào?;PANO có bao bì quy cách nào?;Nước giặt PANO phù hợp nhu cầu gia đình không?;PANO có sản phẩm dạng can không?,PANO được thiết kế cho người tiêu dùng phổ thông đến trung cấp với giá tốt và chất lượng ổn định. Sản phẩm có cả dạng túi và dạng can để phù hợp với nhiều nhu cầu sử dụng.,80,zeo_brand_bible_docx_v1,2026-07-31
TRUE,PANO,product,pano_laundry_usp,USP của nước giặt PANO là gì?;Điểm nổi bật của PANO là gì?;Vì sao gọi PANO là nước giặt cảm xúc?;PANO khác biệt ở mùi hương thế nào?;Thông điệp bán hàng chính của PANO là gì?,"USP chính của PANO là “Nước giặt cảm xúc: Thơm đúng mood, sạch đúng cách, giá đúng tầm”.",85,zeo_brand_bible_docx_v1,2026-07-31
TRUE,ZeO,product,zeo_zif_dishwashing_liquid,Nước rửa chén ZeO có thành phần gì?;ZIF rửa chén có dùng chanh tự nhiên không?;Nước rửa chén ZeO có đậm đặc không?;ZeO rửa chén có khử mùi thức ăn không?;USP của nước rửa chén ZIF ZeO là gì?;Nước rửa chén ZeO có diệt khuẩn không?,"Theo Brand Bible, ZIF Rửa Chén và ZeO Rửa Chén sử dụng 100% nước cốt chanh tự nhiên, có công nghệ diệt khuẩn gây hại đường tiêu hóa, đậm đặc gấp 2 lần và giúp loại bỏ mùi thức ăn bám sau khi rửa.",95,zeo_brand_bible_docx_v1,2026-07-31
TRUE,PANO,product,pano_lemon_dishwashing_liquid,Nước rửa chén PANO Chanh có ưu điểm gì?;PANO Chanh có khử mùi không?;Nước rửa chén PANO có dịu da tay không?;PANO Chanh có những dung tích nào?;Nước rửa chén PANO dùng cho nhà hàng được không?,"Nước rửa chén PANO Chanh có hương chanh tươi mát, hỗ trợ khử mùi và có công thức nhẹ nhàng với da tay. Quy cách đóng gói từ 200g đến 3,8kg, phù hợp từ hộ gia đình đến nhà hàng.",90,zeo_brand_bible_docx_v1,2026-07-31
TRUE,PANO,product,pano_vitamin_e_dishwashing_liquid,Nước rửa chén PANO Vitamin E có tác dụng gì?;Rửa chén PANO Vitamin E có dưỡng da tay không?;Loại nước rửa chén nào phù hợp người rửa bát nhiều?;USP của PANO Vitamin E là gì?;PANO Vitamin E khác PANO Chanh ở điểm nào?,"Nước rửa chén PANO Vitamin E được bổ sung Vitamin E để dưỡng ẩm và bảo vệ da tay khi rửa. Sản phẩm phù hợp với người thường xuyên rửa chén bằng tay, với USP “Rửa sạch và dưỡng da”.",90,zeo_brand_bible_docx_v1,2026-07-31
TRUE,Oplus,product,oplus_dishwashing_liquid,Nước rửa chén Oplus có làm khô da không?;Oplus rửa chén có những dung tích nào?;Nước rửa chén Oplus có nhiều bọt không?;Oplus có dùng cho nhà hàng được không?;Ưu điểm của nước rửa chén Oplus là gì?,"Nước rửa chén Oplus có công thức dịu nhẹ, được mô tả là không gây khô da; hương thơm nhẹ nhàng và bọt phong phú. Quy cách đa dạng từ 200g dùng thử đến 9kg, phù hợp gia đình đông người hoặc nhà hàng.",85,zeo_brand_bible_docx_v1,2026-07-31
TRUE,ZeO/Oplus,product,floor_cleaner_features,Nước lau sàn ZeO có đậm đặc không?;Lau sàn Oplus có những mùi nào?;Nước lau sàn có dùng chất tạo màu không?;Lau sàn ZeO có an toàn cho da chân không?;USP của nước lau sàn ZeO Oplus là gì?;Nước lau sàn có hương gì?,"Nước lau sàn ZeO và Oplus được mô tả là đậm đặc gấp 2 lần. Các hương gồm Y Lan, Bạc Hà, Sả Chanh, Hoa Hạ và Baby. Theo Brand Bible, sản phẩm không dùng hương hóa học, không dùng chất tạo màu và không gây hại da chân, với thông điệp “Sàn sạch, nhà thơm, an toàn cả gia đình”.",90,zeo_brand_bible_docx_v1,2026-07-31
TRUE,ZeO,product,zeo_javel_bleach,Tẩy Javen ZeO có công dụng gì?;Javen ZeO có diệt khuẩn không?;Nước tẩy ZeO có đậm đặc không?;Javen ZeO có tẩy trắng nhanh không?;Tẩy vết bẩn bằng Javen ZeO thế nào?,"Tẩy Javen ZeO có công thức tẩy và diệt khuẩn đặc biệt, được mô tả là đậm đặc hơn nước tẩy thông thường, giúp tẩy trắng nhanh và xử lý vết bẩn hiệu quả.",85,zeo_brand_bible_docx_v1,2026-07-31
TRUE,ZeO,product,zeo_toilet_cleaner,Tẩy Toilet ZeO có diệt khuẩn không?;Nước tẩy bồn cầu ZeO có khử mùi không?;ZeO Toilet có xử lý cặn vôi không?;Tẩy Toilet ZeO có làm sạch vết ố vàng không?;Sản phẩm có an toàn cho đường ống không?,"Tẩy Toilet ZeO được mô tả có khả năng diệt khuẩn 99,9%, khử mùi, phá tan cặn vôi và vết ố vàng trong bồn cầu, đồng thời an toàn cho hệ thống ống nước.",90,zeo_brand_bible_docx_v1,2026-07-31
TRUE,ZeO,product,zeo_color_bleach,Tẩy Màu ZeO dùng để làm gì?;Quần áo trắng bị ố vàng dùng sản phẩm nào?;Tẩy Màu ZeO có làm hỏng vải không?;ZeO có sản phẩm phục hồi màu quần áo không?;Công dụng của Tẩy Màu ZeO là gì?,Tẩy Màu ZeO được dùng để phục hồi màu sắc cho quần áo trắng bị ố vàng và được mô tả là không làm hỏng chất liệu vải.,80,zeo_brand_bible_docx_v1,2026-07-31
TRUE,ZeO,product,zeo_glass_cleaner,Lau Kính ZeO dùng cho bề mặt nào?;Nước lau kính ZeO có để lại vệt không?;ZeO lau kính có dùng cho gương được không?;Có thể dùng Lau Kính ZeO cho màn hình không?;Công dụng của Lau Kính ZeO là gì?,"Lau Kính ZeO giúp làm sạch nhanh kính và gương, được mô tả là không để lại vệt ố hoặc bụi bám. Sản phẩm phù hợp với kính cửa, gương trang điểm và màn hình.",85,zeo_brand_bible_docx_v1,2026-07-31
TRUE,PANO,product,pano_multipurpose_cleaner,Xịt tẩy đa năng PANO dùng cho đâu?;PANO đa năng có cần chà nhiều không?;Một chai PANO dùng được cho những bề mặt nào?;Xịt tẩy PANO có dùng cho bếp và lavabo không?;USP của xịt tẩy đa năng PANO là gì?,"Xịt Tẩy Đa Năng PANO được mô tả là “xịt là sạch”, không cần chà nhiều lần. Sản phẩm dùng cho nhiều bề mặt như bếp, lavabo, gạch và bồn tắm, với USP một chai thay thế nhiều loại hóa chất tẩy rửa.",90,zeo_brand_bible_docx_v1,2026-07-31
TRUE,ZeO/PANO/Oplus,sales,brand_key_selling_points,Điểm bán hàng cốt lõi của thương hiệu là gì?;Vì sao khách hàng nên chọn PANO ZeO Oplus?;Thương hiệu có lợi thế gì trên thị trường?;Các luận điểm bán hàng chính gồm những gì?;Sản phẩm có công nghệ và chứng nhận nào nổi bật?,"Các điểm bán hàng cốt lõi trong Brand Bible gồm thương hiệu Việt có lịch sử lâu năm; sản xuất tại Việt Nam; ứng dụng Enzyme Thụy Điển, công nghệ ION và VEILEX; có các chứng nhận khoa học được nêu trong tài liệu; đa dạng phân khúc, quy cách và nhu cầu sử dụng; đồng thời chú trọng an toàn gia đình và giá thành hợp lý.",75,zeo_brand_bible_docx_v1,2026-07-31
TRUE,ZeO/PANO/Oplus,sales,product_recommendation_by_need,Nên tư vấn sản phẩm theo nhu cầu khách thế nào?;Khách da nhạy cảm nên nhấn mạnh điều gì?;Khách muốn tiết kiệm nên tư vấn điểm nào?;Khách có trẻ nhỏ nên giới thiệu ra sao?;Làm sao kết nối USP với nhu cầu khách hàng?,"Khi tư vấn, cần kết nối USP với nhu cầu cụ thể: khách có da nhạy cảm thì nhấn mạnh công thức dịu nhẹ; khách quan tâm tiết kiệm thì nhấn mạnh sản phẩm đậm đặc gấp 2 lần; khách có trẻ nhỏ thì nhấn mạnh các thông tin an toàn cho gia đình được nêu trong tài liệu sản phẩm.",85,zeo_brand_bible_docx_v1,2026-07-31
